fname,label,p0,p1,p2,p3,p4
a,3,0.223333,0.082,0.1275,0.409333,0.157833
b,3,0.072,0.103333,0.129711,0.481489,0.213467
